Workbook

Sheet Summary
A1: Dream DCA — สถานะทุกโลก (จาก Binance Spot Trade History 2 ไฟล์)
A2: Spot trades เท่านั้น · ไม่ใช่ยอด Wallet · ช่วง 2023-12-31 ถึง 2026-08-10 (UTC+10)
A4: Coin | B4: โลกในเกม | C4: Net holdings | D4: เป้าหมาย | E4: ความคืบหน้า | F4: เงินซื้อรวม (USDT) | G4: เงินขายรวม | H4: เงินสดที่จมอยู่ | I4: ราคาเฉลี่ยซื้อ
A5: BTC | B5: BTC Homestead | C5: 0.00013986 | D5: 0.2 | E5: =IFERROR(C5/D5,"—") -> 0.0006993 | F5: =SUMIFS(BTC!E5:E5,BTC!B5:B5,"BUY") -> 9.338 | G5: =SUMIFS(BTC!E5:E5,BTC!B5:B5,"SELL") -> 0 | H5: =F5-G5 -> 9.338 | I5: =IFERROR(F5/SUMIFS(BTC!D5:D5,BTC!B5:B5,"BUY"),"-") -> 66700
A6: ONDO | B6: Business City | C6: 21953.425 | D6: 40000 | E6: =IFERROR(C6/D6,"—") -> 0.54883561 | F6: =SUMIFS(ONDO!E5:E30,ONDO!B5:B30,"BUY") -> 7665.3122 | G6: =SUMIFS(ONDO!E5:E30,ONDO!B5:B30,"SELL") -> 0 | H6: =F6-G6 -> 7665.3122 | I6: =IFERROR(F6/SUMIFS(ONDO!D5:D30,ONDO!B5:B30,"BUY"),"-") -> 0.34881332
A7: BIO | B7: Research Laboratory | C7: 153764.58 | D7: 200000 | E7: =IFERROR(C7/D7,"—") -> 0.76882289 | F7: =SUMIFS(BIO!E5:E30,BIO!B5:B30,"BUY") -> 6291.9132 | G7: =SUMIFS(BIO!E5:E30,BIO!B5:B30,"SELL") -> 2286.4142 | H7: =F7-G7 -> 4005.499 | I7: =IFERROR(F7/SUMIFS(BIO!D5:D30,BIO!B5:B30,"BUY"),"-") -> 0.037134431
A8: SOL | B8: Technology City | C8: 15.083901 | D8: 40 | E8: =IFERROR(C8/D8,"—") -> 0.37709752 | F8: =SUMIFS(SOL!E5:E13,SOL!B5:B13,"BUY") -> 1577.72 | G8: =SUMIFS(SOL!E5:E13,SOL!B5:B13,"SELL") -> 0 | H8: =F8-G8 -> 1577.72 | I8: =IFERROR(F8/SUMIFS(SOL!D5:D13,SOL!B5:B13,"BUY"),"-") -> 104.49169
A9: LINK | B9: Network / Infrastructure | C9: 50.42952 | D9: 500 | E9: =IFERROR(C9/D9,"—") -> 0.10085904 | F9: =SUMIFS(LINK!E5:E9,LINK!B5:B9,"BUY") -> 658.75 | G9: =SUMIFS(LINK!E5:E9,LINK!B5:B9,"SELL") -> 0 | H9: =F9-G9 -> 658.75 | I9: =IFERROR(F9/SUMIFS(LINK!D5:D9,LINK!B5:B9,"BUY"),"-") -> 13.049723
A10: RENDER | B10: ยังไม่มีโลก | C10: 180.8971 | D10: — | E10: =IFERROR(C10/D10,"—") -> — | F10: =SUMIFS(RENDER!E5:E13,RENDER!B5:B13,"BUY") -> 1329.27 | G10: =SUMIFS(RENDER!E5:E13,RENDER!B5:B13,"SELL") -> 1653.29 | H10: =F10-G10 -> -324.02 | I10: =IFERROR(F10/SUMIFS(RENDER!D5:D13,RENDER!B5:B13,"BUY"),"-") -> 2.2162626
A11: AAVE | B11: Lending Castle | C11: ไม่พบใน Spot Trade History ทั้งสองไฟล์ | D11: 30 | E11: — | F11: — | G11: — | H11: — | I11: —
A12: PENDLE | B12: Time / Harvest World | C12: ไม่พบใน Spot Trade History ทั้งสองไฟล์ | D12: 1000 | E12: — | F12: — | G12: — | H12: — | I12: —
A13: CC / Canton | B13: Financial Network City | C13: ไม่พบใน Spot Trade History ทั้งสองไฟล์ | D13: 10000 | E13: — | F13: — | G13: — | H13: — | I13: —
A14: รวมทั้งหมด | F14: =SUM(F5:F10) -> 17532.303 | G14: =SUM(G5:G10) -> 3939.7042 | H14: =F14-G14 -> 13592.599
A16: สิ่งที่ข้อมูลบอก
A17: 1. BTC — โลกหลักของเกม — มี Spot trade เพียง 1 รายการ: 2026-02-19 ซื้อ 0.00014 BTC เป็นเงิน $9.34 คิดเป็น 0.07% ของเป้า 0.2 BTC
A18: 2. ตัวเลข 0.0418 BTC / 20.9% ใน mockup เป็นข้อมูลสมมติ ไม่ได้มาจากไฟล์นี้
A19: 3. ถ้ามี BTC จริงที่อื่น (Convert / Earn / กระเป๋าเย็น / exchange อื่น) ต้องหาแหล่งนั้นก่อน ไม่งั้นโลก BTC จะเริ่มจากศูนย์
A20: 4. ONDO และ BIO คือสองโลกที่คืบหน้าที่สุด (54.9% และ 76.9%) และเป็นที่ที่เงินอยู่จริง ($7,665 และ $6,292)
A21: 5. BIO ขายออกไปแล้ว 15,506 เหรียญ ได้กำไรจริง $1,360.91 ทำให้ต้นทุนเงินสดจริงเหลือ $0.02606443 ต่อเหรียญ
A22: 6. AAVE, PENDLE, CC ยังไม่มีข้อมูลเลย
A23: 7. RENDER มีอยู่ 180.9 เหรียญ แต่ยังไม่ได้กำหนดโลกและเป้าหมาย

Sheet BTC
A1: BTC — BTC Homestead
A2: Source: Binance_ONDO_BIO_BTC_Trade_Summary.pdf · Binance Spot Trade History · 2023-12-31 to 2026-08-10 (UTC+10)
A4: Date | B4: Side | C4: Price (USDT) | D4: Qty | E4: Amount (USDT) | F4: Fee (as charged) | G4: Fills
A5: 2026-02-19 | B5: BUY | C5: 66700 | D5: 0.00014 | E5: 9.338 | F5: 0.00000014 BTC | G5: 1
A7: สรุป
A8: Buy qty | E8: =SUMIFS(D5:D5,B5:B5,"BUY") -> 0.00014
A9: Buy USDT | E9: =SUMIFS(E5:E5,B5:B5,"BUY") -> 9.338
A10: ราคาเฉลี่ยซื้อ (weighted) | E10: =IFERROR(SUMIFS(E5:E5,B5:B5,"BUY")/SUMIFS(D5:D5,B5:B5,"BUY"),"-") -> 66700
A11: Sell qty | E11: =SUMIFS(D5:D5,B5:B5,"SELL") -> 0
A12: Sell USDT | E12: =SUMIFS(E5:E5,B5:B5,"SELL") -> 0
A13: ราคาเฉลี่ยขาย | E13: =IFERROR(SUMIFS(E5:E5,B5:B5,"SELL")/SUMIFS(D5:D5,B5:B5,"SELL"),"-") -> -
A14: Net qty (ก่อน fee) | E14: =SUMIFS(D5:D5,B5:B5,"BUY")-SUMIFS(D5:D5,B5:B5,"SELL") -> 0.00014
A15: Net holdings (ตาม PDF ต้นทาง) | E15: 0.00013986
A16: เงินสดที่ยังจมอยู่ (ซื้อ - ขาย) | E16: =SUMIFS(E5:E5,B5:B5,"BUY")-SUMIFS(E5:E5,B5:B5,"SELL") -> 9.338
A17: เป้าหมาย (0.2 BTC) | E17: 0.2
A18: ความคืบหน้า | E18: =E15/E17 -> 0.0006993
A20: น้ำเงิน = ตัวเลขจาก PDF · ดำ = สูตร · Net holdings ไม่ใช่ยอด Wallet (ไม่รวม Convert/Earn/Transfer/Reward)

Sheet ONDO
A1: ONDO — Business City
A2: Source: Binance_ONDO_BIO_BTC_Trade_Summary.pdf · Binance Spot Trade History · 2023-12-31 to 2026-08-10 (UTC+10)
A4: Date | B4: Side | C4: Price (USDT) | D4: Qty | E4: Amount (USDT) | F4: Fee (as charged) | G4: Fills
A5: 2025-06-23 | B5: BUY | C5: 0.6678 | D5: 227.3 | E5: 151.79094 | F5: 0.2273 ONDO | G5: 1
A6: 2025-10-14 | B6: BUY | C6: 0.755 | D6: 379.7 | E6: 286.6735 | F6: 0.3797 ONDO | G6: 1
A7: 2025-11-10 | B7: BUY | C7: 0.6881 | D7: 395 | E7: 271.7995 | F7: 0.395 ONDO | G7: 1
A8: 2025-11-20 | B8: BUY | C8: 0.544 | D8: 300 | E8: 163.2 | F8: 0.3 ONDO | G8: 1
A9: 2025-12-08 | B9: BUY | C9: 0.4671 | D9: 111.8 | E9: 52.22178 | F9: 0.1118 ONDO | G9: 1
A10: 2025-12-08 | B10: BUY | C10: 0.4671 | D10: 88.2 | E10: 41.19822 | F10: 0.0882 ONDO | G10: 1
A11: 2025-12-22 | B11: BUY | C11: 0.3976 | D11: 523.3 | E11: 208.06408 | F11: 0.5233 ONDO | G11: 1
A12: 2025-12-22 | B12: BUY | C12: 0.3976 | D12: 39.9 | E12: 15.86424 | F12: 0.0399 ONDO | G12: 1
A13: 2025-12-23 | B13: BUY | C13: 0.388 | D13: 202 | E13: 78.376 | F13: 0.202 ONDO | G13: 1
A14: 2025-12-23 | B14: BUY | C14: 0.388 | D14: 831.5 | E14: 322.622 | F14: 0.8315 ONDO | G14: 1
A15: 2026-01-05 | B15: BUY | C15: 0.4412 | D15: 296.1 | E15: 130.63932 | F15: 0.2961 ONDO | G15: 1
A16: 2026-01-05 | B16: BUY | C16: 0.4412 | D16: 703.9 | E16: 310.56068 | F16: 0.7039 ONDO | G16: 1
... A30: 2026-08-07 | B30: BUY | C30: 0.3531 | D30: 805 | E30: 284.2455 | F30: 0.805 ONDO | G30: 1
A32: สรุป
A33: Buy qty | E33: =SUMIFS(D5:D30,B5:B30,"BUY") -> 21975.4
A34: Buy USDT | E34: =SUMIFS(E5:E30,B5:B30,"BUY") -> 7665.3122
A35: ราคาเฉลี่ยซื้อ (weighted) | E35: =IFERROR(SUMIFS(E5:E30,B5:B30,"BUY")/SUMIFS(D5:D30,B5:B30,"BUY"),"-") -> 0.34881332
A36: Sell qty | E36: =SUMIFS(D5:D30,B5:B30,"SELL") -> 0
A37: Sell USDT | E37: =SUMIFS(E5:E30,B5:B30,"SELL") -> 0
A38: ราคาเฉลี่ยขาย | E38: =IFERROR(SUMIFS(E5:E30,B5:B30,"SELL")/SUMIFS(D5:D30,B5:B30,"SELL"),"-") -> -
A39: Net qty (ก่อน fee) | E39: =SUMIFS(D5:D30,B5:B30,"BUY")-SUMIFS(D5:D30,B5:B30,"SELL") -> 21975.4
A40: Net holdings (ตาม PDF ต้นทาง) | E40: 21953.425
A41: เงินสดที่ยังจมอยู่ (ซื้อ - ขาย) | E41: =SUMIFS(E5:E30,B5:B30,"BUY")-SUMIFS(E5:E30,B5:B30,"SELL") -> 7665.3122
A42: เป้าหมาย (40,000 ONDO) | E42: 40000
A43: ความคืบหน้า | E43: =E40/E42 -> 0.54883561
A45: น้ำเงิน = ตัวเลขจาก PDF · ดำ = สูตร · Net holdings ไม่ใช่ยอด Wallet (ไม่รวม Convert/Earn/Transfer/Reward)

Sheet BIO
A1: BIO — Research Laboratory
A2: Source: Binance_ONDO_BIO_BTC_Trade_Summary.pdf · Binance Spot Trade History · 2023-12-31 to 2026-08-10 (UTC+10)
A4: Date | B4: Side | C4: Price (USDT) | D4: Qty | E4: Amount (USDT) | F4: Fee (as charged) | G4: Fills
A5: 2025-04-30 | B5: BUY | C5: 0.073 | D5: 905.9 | E5: 66.1307 | F5: 0.9059 BIO | G5: 1
A6: 2025-04-30 | B6: BUY | C6: 0.073 | D6: 9094.1 | E6: 663.8693 | F6: 9.0941 BIO | G6: 1
A7: 2025-06-25 | B7: BUY | C7: 0.0508 | D7: 15022.4 | E7: 763.13792 | F7: 15.0224 BIO | G7: 1
A8: 2025-07-08 | B8: BUY | C8: 0.049 | D8: 459.4 | E8: 22.5106 | F8: 0.4594 BIO | G8: 1
A9: 2025-08-20 | B9: SELL | C9: 0.13 | D9: 12818.7 | E9: 1666.431 | F9: 1.666431 USDT | G9: 1
A10: 2025-08-25 | B10: SELL | C10: 0.2307 | D10: 2687.4 | E10: 619.98318 | F10: 0.61998318 USDT | G10: 1
A11: 2025-11-10 | B11: BUY | C11: 0.0828 | D11: 4625 | E11: 382.95 | F11: 4.625 BIO | G11: 1
A12: 2025-11-20 | B12: BUY | C12: 0.069 | D12: 2509.4 | E12: 173.1486 | F12: 2.5094 BIO | G12: 1
A13: 2025-12-08 | B13: BUY | C13: 0.0481 | D13: 7588.2 | E13: 364.99242 | F13: 7.5882 BIO | G13: 1
A14: 2025-12-09 | B14: BUY | C14: 0.0481 | D14: 4800 | E14: 230.88 | F14: 4.8 BIO | G14: 1
A15: 2025-12-23 | B15: BUY | C15: 0.042 | D15: 9523.8 | E15: 399.9996 | F15: 9.5238 BIO | G15: 1
A16: 2026-01-01 | B16: BUY | C16: 0.0438 | D16: 356 | E16: 15.5928 | F16: 0.356 BIO | G16: 1
... A30: 2026-07-21 | B30: BUY | C30: 0.02598 | D30: 29783 | E30: 773.76234 | F30: 29.783 BIO | G30: 1
A32: สรุป
A33: Buy qty | E33: =SUMIFS(D5:D30,B5:B30,"BUY") -> 169436.1
A34: Buy USDT | E34: =SUMIFS(E5:E30,B5:B30,"BUY") -> 6291.9132
A35: ราคาเฉลี่ยซื้อ (weighted) | E35: =IFERROR(SUMIFS(E5:E30,B5:B30,"BUY")/SUMIFS(D5:D30,B5:B30,"BUY"),"-") -> 0.037134431
A36: Sell qty | E36: =SUMIFS(D5:D30,B5:B30,"SELL") -> 15506.1
A37: Sell USDT | E37: =SUMIFS(E5:E30,B5:B30,"SELL") -> 2286.4142
A38: ราคาเฉลี่ยขาย | E38: =IFERROR(SUMIFS(E5:E30,B5:B30,"SELL")/SUMIFS(D5:D30,B5:B30,"SELL"),"-") -> 0.14745256
A39: Net qty (ก่อน fee) | E39: =SUMIFS(D5:D30,B5:B30,"BUY")-SUMIFS(D5:D30,B5:B30,"SELL") -> 153930
A40: Net holdings (ตาม PDF ต้นทาง) | E40: 153764.58
A41: เงินสดที่ยังจมอยู่ (ซื้อ - ขาย) | E41: =SUMIFS(E5:E30,B5:B30,"BUY")-SUMIFS(E5:E30,B5:B30,"SELL") -> 4005.499
A42: เป้าหมาย (200,000 BIO) | E42: 200000
A43: ความคืบหน้า | E43: =E40/E42 -> 0.76882289
A45: น้ำเงิน = ตัวเลขจาก PDF · ดำ = สูตร · Net holdings ไม่ใช่ยอด Wallet (ไม่รวม Convert/Earn/Transfer/Reward)

Sheet SOL
A1: SOL — Technology City
A2: Source: Binance_Other_Coins_Trade_Summary.pdf · Binance Spot Trade History · 2023-12-31 to 2026-08-10 (UTC+10)
A4: Date | B4: Side | C4: Price (USDT) | D4: Qty | E4: Amount (USDT) | F4: Fee (as charged) | G4: Fills
A5: 2026-01-01 | B5: BUY | C5: 125 | D5: 1 | E5: 125 | F5: 0.001 SOL | G5: 8
A6: 2026-01-05 | B6: BUY | C6: 135.7 | D6: 1.02 | E6: 138.41 | F6: 0.00102 SOL | G6: 1
A7: 2026-01-06 | B7: BUY | C7: 138.99 | D7: 2.462 | E7: 342.19 | F7: 0.002462 SOL | G7: 1
A8: 2026-02-01 | B8: BUY | C8: 114.21 | D8: 3.141 | E8: 358.73 | F8: 0.003141 SOL | G8: 1
A9: 2026-02-02 | B9: BUY | C9: 99.05 | D9: 2.226 | E9: 220.49 | F9: 0.002226 SOL | G9: 1
A10: 2026-02-04 | B10: BUY | C10: 97.03 | D10: 0.15 | E10: 14.55 | F10: 0.00015 SOL | G10: 1
A11: 2026-02-10 | B11: BUY | C11: 84.85 | D11: 1 | E11: 84.85 | F11: 0.001 SOL | G11: 2
A12: 2026-06-11 | B12: BUY | C12: 65.46 | D12: 1 | E12: 65.46 | F12: 0.001 SOL | G12: 1
A13: 2026-08-07 | B13: BUY | C13: 73.56 | D13: 3.1 | E13: 228.04 | F13: 0.0031 SOL | G13: 1
A15: สรุป
A16: Buy qty | E16: =SUMIFS(D5:D13,B5:B13,"BUY") -> 15.099
A17: Buy USDT | E17: =SUMIFS(E5:E13,B5:B13,"BUY") -> 1577.72
A18: ราคาเฉลี่ยซื้อ (weighted) | E18: =IFERROR(SUMIFS(E5:E13,B5:B13,"BUY")/SUMIFS(D5:D13,B5:B13,"BUY"),"-") -> 104.49169
A19: Sell qty | E19: =SUMIFS(D5:D13,B5:B13,"SELL") -> 0
A20: Sell USDT | E20: =SUMIFS(E5:E13,B5:B13,"SELL") -> 0
A21: ราคาเฉลี่ยขาย | E21: =IFERROR(SUMIFS(E5:E13,B5:B13,"SELL")/SUMIFS(D5:D13,B5:B13,"SELL"),"-") -> -
A22: Net qty (ก่อน fee) | E22: =SUMIFS(D5:D13,B5:B13,"BUY")-SUMIFS(D5:D13,B5:B13,"SELL") -> 15.099
A23: Net holdings (ตาม PDF ต้นทาง) | E23: 15.083901
A24: เงินสดที่ยังจมอยู่ (ซื้อ - ขาย) | E24: =SUMIFS(E5:E13,B5:B13,"BUY")-SUMIFS(E5:E13,B5:B13,"SELL") -> 1577.72
A25: เป้าหมาย (40 SOL) | E25: 40
A26: ความคืบหน้า | E26: =E23/E25 -> 0.37709752
A28: น้ำเงิน = ตัวเลขจาก PDF · ดำ = สูตร · Net holdings ไม่ใช่ยอด Wallet (ไม่รวม Convert/Earn/Transfer/Reward)

Sheet LINK
A1: LINK — Network / Infrastructure
A2: Source: Binance_Other_Coins_Trade_Summary.pdf · Binance Spot Trade History · 2023-12-31 to 2026-08-10 (UTC+10)
A4: Date | B4: Side | C4: Price (USDT) | D4: Qty | E4: Amount (USDT) | F4: Fee (as charged) | G4: Fills
A5: 2025-10-14 | B5: BUY | C5: 18.53 | D5: 10 | E5: 185.3 | F5: 0.01 LINK | G5: 1
A6: 2025-11-20 | B6: BUY | C6: 13.74 | D6: 10 | E6: 137.4 | F6: 0.01 LINK | G6: 1
A7: 2026-01-01 | B7: BUY | C7: 12.24 | D7: 2.45 | E7: 29.99 | F7: 0.00245 LINK | G7: 1
A8: 2026-01-05 | B8: BUY | C8: 13.6 | D8: 13.03 | E8: 177.21 | F8: 0.01303 LINK | G8: 1
A9: 2026-02-10 | B9: BUY | C9: 8.59 | D9: 15 | E9: 128.85 | F9: 0.015 LINK | G9: 1
A11: สรุป
A12: Buy qty | E12: =SUMIFS(D5:D9,B5:B9,"BUY") -> 50.48
A13: Buy USDT | E13: =SUMIFS(E5:E9,B5:B9,"BUY") -> 658.75
A14: ราคาเฉลี่ยซื้อ (weighted) | E14: =IFERROR(SUMIFS(E5:E9,B5:B9,"BUY")/SUMIFS(D5:D9,B5:B9,"BUY"),"-") -> 13.049723
A15: Sell qty | E15: =SUMIFS(D5:D9,B5:B9,"SELL") -> 0
A16: Sell USDT | E16: =SUMIFS(E5:E9,B5:B9,"SELL") -> 0
A17: ราคาเฉลี่ยขาย | E17: =IFERROR(SUMIFS(E5:E9,B5:B9,"SELL")/SUMIFS(D5:D9,B5:B9,"SELL"),"-") -> -
A18: Net qty (ก่อน fee) | E18: =SUMIFS(D5:D9,B5:B9,"BUY")-SUMIFS(D5:D9,B5:B9,"SELL") -> 50.48
A19: Net holdings (ตาม PDF ต้นทาง) | E19: 50.42952
A20: เงินสดที่ยังจมอยู่ (ซื้อ - ขาย) | E20: =SUMIFS(E5:E9,B5:B9,"BUY")-SUMIFS(E5:E9,B5:B9,"SELL") -> 658.75
A21: เป้าหมาย (500 LINK) | E21: 500
A22: ความคืบหน้า | E22: =E19/E21 -> 0.10085904
A24: น้ำเงิน = ตัวเลขจาก PDF · ดำ = สูตร · Net holdings ไม่ใช่ยอด Wallet (ไม่รวม Convert/Earn/Transfer/Reward)

Sheet RENDER
A1: RENDER — ยังไม่มีโลก
A2: Source: Binance_Other_Coins_Trade_Summary.pdf · Binance Spot Trade History · 2023-12-31 to 2026-08-10 (UTC+10)
A4: Date | B4: Side | C4: Price (USDT) | D4: Qty | E4: Amount (USDT) | F4: Fee (as charged) | G4: Fills
A5: 2024-10-23 | B5: BUY | C5: 5.136 | D5: 19.46 | E5: 99.95 | F5: 0.01946 RENDER | G5: 1
A6: 2024-11-08 | B6: BUY | C6: 4.952 | D6: 94.58 | E6: 468.36 | F6: 0.09458 RENDER | G6: 4
A7: 2024-12-12 | B7: SELL | C7: 9.635 | D7: 113.94 | E7: 1097.81 | F7: 1.097812 USDT | G7: 5
A8: 2025-10-14 | B8: BUY | C8: 2.743 | D8: 20 | E8: 54.86 | F8: 0.02 RENDER | G8: 1
A9: 2025-11-20 | B9: BUY | C9: 2.085 | D9: 30 | E9: 62.55 | F9: 0.03 RENDER | G9: 1
A10: 2026-01-31 | B10: BUY | C10: 1.596 | D10: 22.94 | E10: 36.61 | F10: 0.02294 RENDER | G10: 1
A11: 2026-02-03 | B11: BUY | C11: 1.577 | D11: 231.52 | E11: 365.11 | F11: 0.23152 RENDER | G11: 2
A12: 2026-04-26 | B12: SELL | C12: 1.825 | D12: 304.37 | E12: 555.48 | F12: 0.555475 USDT | G12: 3
A13: 2026-08-07 | B13: BUY | C13: 1.334 | D13: 181.28 | E13: 241.83 | F13: 0.0000455 BNB + 0.15438 RENDER | G13: 2
A15: สรุป
A16: Buy qty | E16: =SUMIFS(D5:D13,B5:B13,"BUY") -> 599.78
A17: Buy USDT | E17: =SUMIFS(E5:E13,B5:B13,"BUY") -> 1329.27
A18: ราคาเฉลี่ยซื้อ (weighted) | E18: =IFERROR(SUMIFS(E5:E13,B5:B13,"BUY")/SUMIFS(D5:D13,B5:B13,"BUY"),"-") -> 2.2162626
A19: Sell qty | E19: =SUMIFS(D5:D13,B5:B13,"SELL") -> 418.31
A20: Sell USDT | E20: =SUMIFS(E5:E13,B5:B13,"SELL") -> 1653.29
A21: ราคาเฉลี่ยขาย | E21: =IFERROR(SUMIFS(E5:E13,B5:B13,"SELL")/SUMIFS(D5:D13,B5:B13,"SELL"),"-") -> 3.9523081
A22: Net qty (ก่อน fee) | E22: =SUMIFS(D5:D13,B5:B13,"BUY")-SUMIFS(D5:D13,B5:B13,"SELL") -> 181.47
A23: Net holdings (ตาม PDF ต้นทาง) | E23: 180.8971
A24: เงินสดที่ยังจมอยู่ (ซื้อ - ขาย) | E24: =SUMIFS(E5:E13,B5:B13,"BUY")-SUMIFS(E5:E13,B5:B13,"SELL") -> -324.02
A26: น้ำเงิน = ตัวเลขจาก PDF · ดำ = สูตร · Net holdings ไม่ใช่ยอด Wallet (ไม่รวม Convert/Earn/Transfer/Reward)
